{"cameraMode":{"drawMode":0,"name":"Shaded","section":"Shading Mode"},"sceneLighting":true,"audioPlay":false,"sceneViewState":{"m_AlwaysRefresh":false,"showFog":true,"showSkybox":true,"showFlares":true,"showImageEffects":true,"showParticleSystems":true,"showVisualEffectGraphs":true,"m_FxEnabled":true},"in2DMode":false,"pivot":{"x":15.720000267028809,"y":-0.029999999329447748,"z":-0.20000000298023225},"rotation":{"x":0.048406314104795459,"y":-0.7326664924621582,"z":0.052399832755327228,"w":0.6768194437026978},"size":16.055578231811525,"orthographic":true}